"Gender(M,F)",Lab,Quiz,Final,Assignment,Marital Status,Scholarship,Family Income,Family Size,Father's Qualification,Mother's Qualification,Father's Occupation,Mother's Occupation,Social Security,Attendance
F,Pass,Pass,Good,Pass,Unmarried,Paid,Medium,Average,Um,10,Farmer,Housewife,Govt,Good
M,Vg,Vg,Good,Vg,Unmarried,Paid,Low,Average,Um,Il,Service,Service,Govt,Average
F,Pass,Pass,Good,Pass,Unmarried,Paid,Am,Average,12,10,Service,Housewife,Govt,Good
M,Fail,Pass,Good,Pass,Unmarried,Paid,Medium,Small,12,Um,Business,Business,Govt,Average
M,Pass,Pass,Good,Vg,Unmarried,Paid,Am,Average,10,12,Service,Housewife,Private,Good
M,Vg,Pass,Good,Vg,Unmarried,Paid,Medium,Average,10,Um,Farmer,Housewife,Private,Average
F,Pass,Vg,Bad,Pass,Unmarried,Paid,High,Average,12,Degree,Service,Service,Govt,Good
F,Pass,Pass,Bad,Pass,Unmarried,Paid,Medium,Small,Il,Um,Farmer,Housewife,Private,Good
F,Vg,Pass,Bad,Vg,Unmarried,Paid,Low,Small,12,10,Others,Housewife,Govt,Good
F,Vg,Vg,Bad,Vg,Unmarried,Paid,Low,Small,Degree,Degree,Others,Housewife,Govt,Good
M,Vg,Vg,Bad,Vg,Unmarried,Paid,Vh,Small,Pg,Pg,Retired,Retired,Private,Good
F,Vg,Vg,Bad,Vg,Unmarried,Paid,Medium,Average,Degree,12,Service,Housewife,Govt,Good
M,Pass,Pass,Bad,Pass,Unmarried,Paid,Medium,Small,Degree,10,Service,Housewife,Private,Good
M,Pass,Pass,Bad,Vg,Unmarried,Paid,Medium,Small,Il,Il,Others,Housewife,Govt,Good
F,Vg,Vg,Bad,Vg,Unmarried,Paid,Medium,Small,Degree,10,Business,Housewife,Govt,Good
F,Vg,Pass,Bad,Vg,Unmarried,Paid,Medium,Small,10,10,Others,Housewife,Govt,Good
F,Vg,Vg,Good,Vg,Unmarried,Paid,Medium,Small,Pg,12,Business,Housewife,Private,Good
M,Pass,Pass,Good,Pass,Unmarried,Paid,Low,Small,12,12,Farmer,Housewife,Govt,Good
M,Pass,Pass,Good,Pass,Unmarried,Paid,Medium,Average,10,12,Farmer,Housewife,Govt,Good
M,Vg,Vg,Good,Vg,Unmarried,Paid,Medium,Small,Degree,12,Farmer,Housewife,Govt,Good
F,Vg,Vg,Good,Vg,Unmarried,Paid,Vh,Small,Degree,Degree,Service,Housewife,Govt,Good
F,Vg,Pass,Good,Vg,Unmarried,Paid,Vh,Small,10,10,Service,Housewife,Private,Good
F,Vg,Vg,Good,Best,Unmarried,Paid,Am,Small,Degree,Pg,Business,Service,Govt,Good
F,Vg,Pass,Good,Vg,Unmarried,Paid,Medium,Small,10,Um,Farmer,Housewife,Govt,Good
F,Vg,Pass,Good,Pass,Unmarried,Paid,Medium,Average,12,Um,Business,Housewife,Govt,Good
F,Vg,Vg,Good,Pass,Unmarried,Paid,Medium,Average,Il,Il,Business,Housewife,Govt,Average
F,Pass,Pass,Good,Vg,Unmarried,Paid,Medium,Small,10,10,Service,Housewife,Govt,Average
F,Pass,Pass,Good,Pass,Unmarried,Paid,Medium,Average,Um,Um,Others,Housewife,Private,Good
M,Pass,Pass,Bad,Pass,Unmarried,Paid,High,Average,Pg,Degree,Service,Housewife,Private,Average
F,Vg,Vg,Bad,Pass,Unmarried,Free,Am,Average,12,10,Others,Housewife,Private,Average
F,Pass,Pass,Bad,Pass,Unmarried,Paid,Vh,Average,12,Um,Service,Housewife,Govt,Good
F,Pass,Pass,Good,Pass,Unmarried,Paid,Medium,Small,10,10,Business,Housewife,Govt,Average
F,Pass,Pass,Good,Pass,Unmarried,Free,High,Small,Il,Um,Business,Housewife,Govt,Good
M,Pass,Pass,Bad,Pass,Unmarried,Paid,Low,Average,Um,Um,Farmer,Housewife,Private,Average
M,Pass,Fail,Bad,Fail,Unmarried,Paid,Medium,Small,Il,10,Business,Housewife,Govt,Poor
F,Fail,Pass,Bad,Pass,Unmarried,Free,Medium,Average,Um,Um,Business,Housewife,Govt,Average
F,Pass,Vg,Bad,Pass,Unmarried,Free,Medium,Average,10,Il,Business,Housewife,Govt,Average
M,Best,Vg,Good,Pass,Unmarried,Free,Medium,Small,10,Um,Business,Housewife,Private,Average
M,Best,Vg,Bad,Vg,Unmarried,Free,Low,Small,Um,Um,Farmer,Housewife,Private,Average
M,Vg,Vg,Good,Vg,Unmarried,Paid,Am,Small,Degree,12,Business,Service,Private,Good
M,Vg,Vg,Good,Vg,Unmarried,Paid,Am,Small,10,Um,Business,Housewife,Private,Good
M,Vg,Vg,Good,Vg,Unmarried,Paid,Medium,Small,Degree,10,Others,Housewife,Govt,Good
M,Vg,Pass,Bad,Vg,Unmarried,Free,Medium,Small,Um,Um,Others,Housewife,Private,Good
M,Pass,Pass,Bad,Best,Unmarried,Paid,Medium,Small,Um,Um,Service,Housewife,Private,Good
M,Vg,Best,Good,Best,Unmarried,Paid,Am,Small,10,Um,Others,Housewife,Private,Good
M,Best,Vg,Good,Vg,Unmarried,Paid,Am,Small,12,Um,Business,Housewife,Govt,Average
M,Vg,Vg,Good,Vg,Unmarried,Paid,Medium,Small,Il,Um,Others,Housewife,Private,Good
M,Vg,Vg,Bad,Pass,Unmarried,Free,Medium,Small,10,12,Others,Housewife,Govt,Good
F,Pass,Vg,Bad,Fail,Unmarried,Free,Medium,Small,12,10,Others,Housewife,Govt,Good
M,Best,Best,Good,Best,Unmarried,Paid,Am,Small,12,Um,Service,Housewife,Private,Average
M,Vg,Best,Good,Best,Unmarried,Paid,Vh,Small,Degree,Degree,Service,Housewife,Private,Good
F,Best,Vg,Good,Best,Unmarried,Free,Medium,Average,Degree,10,Business,Housewife,Private,Good
M,Pass,Pass,Bad,Pass,Unmarried,Free,Low,Small,Um,Um,Farmer,Housewife,Govt,Average
F,Vg,Vg,Good,Vg,Unmarried,Free,Medium,Average,10,10,Others,Housewife,Govt,Average
F,Pass,Vg,Good,Vg,Unmarried,Free,Low,Small,Um,Il,Business,Housewife,Private,Good
F,Best,Vg,Good,Best,Unmarried,Paid,Medium,Small,Degree,12,Business,Housewife,Govt,Good
F,Pass,Pass,Good,Vg,Unmarried,Free,Medium,Small,Degree,Degree,Business,Housewife,Private,Average
F,Vg,Vg,Good,Vg,Unmarried,Free,Medium,Average,Um,Um,Others,Housewife,Govt,Good
F,Vg,Vg,Good,Best,Unmarried,Paid,Medium,Small,12,10,Service,Housewife,Govt,Good
F,Vg,Vg,Good,Vg,Unmarried,Paid,Medium,Small,Pg,Pg,Retired,Service,Govt,Good
F,Best,Best,Good,Vg,Unmarried,Free,Low,Large,12,Il,Business,Housewife,Private,Average
F,Pass,Vg,Good,Pass,Unmarried,Paid,Am,Average,Um,Um,Farmer,Housewife,Private,Good
F,Best,Vg,Good,Vg,Unmarried,Paid,Am,Small,Degree,10,Business,Service,Govt,Average
F,Vg,Vg,Good,Pass,Unmarried,Free,Am,Small,Pg,12,Business,Service,Private,Good
F,Vg,Vg,Good,Vg,Unmarried,Paid,High,Average,12,Um,Service,Housewife,Private,Good
M,Pass,Pass,Bad,Pass,Unmarried,Paid,High,Average,Um,Um,Business,Housewife,Private,Poor
M,Pass,Vg,Good,Vg,Unmarried,Paid,Low,Small,12,10,Others,Housewife,Govt,Average
M,Fail,Fail,Good,Pass,Unmarried,Paid,Medium,Small,Um,12,Others,Housewife,Private,Poor
M,Pass,Pass,Good,Vg,Unmarried,Paid,Medium,Small,Um,Um,Others,Housewife,Private,Good
M,Pass,Pass,Good,Pass,Unmarried,Paid,Vh,Small,12,10,Business,Housewife,Govt,Poor
M,Pass,Pass,Good,Vg,Unmarried,Paid,Am,Small,Um,Um,Others,Others,Govt,Good
M,Fail,Pass,Bad,Pass,Unmarried,Paid,Am,Small,Um,Um,Business,Housewife,Govt,Average
M,Vg,Vg,Good,Vg,Unmarried,Paid,Am,Average,Degree,12,Others,Housewife,Govt,Good
M,Vg,Vg,Good,Vg,Unmarried,Free,Am,Small,Um,Um,Business,Housewife,Private,Average
M,Best,Vg,Good,Vg,Unmarried,Paid,High,Small,10,Il,Service,Housewife,Govt,Poor
M,Pass,Pass,Bad,Pass,Unmarried,Free,Medium,Average,Il,Il,Service,Service,Govt,Poor
M,Pass,Fail,Bad,Fail,Unmarried,Free,Medium,Small,Um,Um,Farmer,Housewife,Private,Average
M,Fail,Pass,Bad,Fail,Unmarried,Free,Medium,Average,Um,Um,Farmer,Housewife,Govt,Good
M,Pass,Vg,Bad,Pass,Unmarried,Free,High,Average,Il,Um,Farmer,Housewife,Govt,Poor
M,Fail,Pass,Good,Fail,Unmarried,Paid,High,Small,Il,Il,Others,Housewife,Private,Poor
M,Fail,Pass,Bad,Pass,Unmarried,Paid,High,Small,10,12,Others,Housewife,Private,Poor
M,Fail,Pass,Bad,Pass,Unmarried,Free,High,Small,Il,Il,Farmer,Housewife,Govt,Average
F,Fail,Fail,Bad,Fail,Unmarried,Paid,Am,Small,Pg,Um,Service,Housewife,Govt,Poor
F,Fail,Fail,Bad,Pass,Unmarried,Paid,Low,Small,10,Il,Others,Housewife,Govt,Average
F,Pass,Pass,Bad,Fail,Unmarried,Paid,Am,Small,Um,Um,Service,Housewife,Govt,Poor
F,Pass,Pass,Bad,Pass,Unmarried,Paid,Am,Small,Degree,Il,Service,Housewife,Govt,Poor
F,Fail,Fail,Good,Pass,Unmarried,Free,Medium,Average,Il,Il,Business,Housewife,Govt,Average
F,Fail,Pass,Good,Pass,Unmarried,Free,Low,Small,10,10,Others,Housewife,Govt,Average
F,Pass,Fail,Bad,Fail,Unmarried,Paid,Medium,Small,12,12,Service,Housewife,Private,Poor
M,Pass,Pass,Bad,Pass,Unmarried,Paid,High,Average,Um,Il,Service,Housewife,Govt,Good
M,Fail,Pass,Bad,Pass,Unmarried,Free,Low,Small,Um,Um,Others,Others,Govt,Poor
M,Vg,Vg,Good,Vg,Unmarried,Paid,Am,Small,12,Il,Service,Housewife,Govt,Average
F,Pass,Pass,Bad,Fail,Unmarried,Paid,Am,Average,Um,Il,Service,Housewife,Govt,Average
F,Pass,Pass,Bad,Pass,Unmarried,Paid,Low,Average,Um,Il,Service,Housewife,Govt,Poor
F,Pass,Pass,Good,Pass,Unmarried,Free,Medium,Small,Um,Um,Others,Housewife,Private,Average
F,Pass,Pass,Bad,Pass,Unmarried,Free,High,Small,10,10,Business,Housewife,Govt,Poor
F,Pass,Pass,Good,Pass,Unmarried,Free,Am,Small,Il,Um,Business,Housewife,Govt,Average
F,Pass,Pass,Good,Vg,Unmarried,Paid,Medium,Small,Um,Il,Service,Housewife,Govt,Average
F,Pass,Pass,Bad,Fail,Unmarried,Paid,Am,Small,10,10,Business,Housewife,Govt,Good
F,Pass,Pass,Good,Pass,Unmarried,Paid,Am,Small,Um,Um,Service,Housewife,Govt,Good
M,Vg,Pass,Good,Vg,Unmarried,Paid,Medium,Small,Il,Il,Farmer,Housewife,Govt,Average
M,Pass,Fail,Good,Fail,Unmarried,Free,Medium,Average,Um,Il,Farmer,Service,Govt,Average
M,Fail,Pass,Good,Fail,Unmarried,Free,Medium,Small,Um,Um,Farmer,Housewife,Govt,Good
M,Pass,Fail,Bad,Pass,Unmarried,Free,Medium,Small,Um,Um,Farmer,Housewife,Govt,Average
M,Pass,Fail,Good,Fail,Unmarried,Free,Low,Small,Um,Um,Service,Service,Govt,Poor
M,Pass,Fail,Good,Fail,Unmarried,Free,Medium,Small,Degree,12,Service,Housewife,Govt,Poor
M,Fail,Vg,Good,Pass,Unmarried,Free,Medium,Small,Il,Il,Service,Housewife,Private,Average
M,Pass,Fail,Bad,Fail,Unmarried,Free,Medium,Small,Il,Il,Others,Service,Govt,Poor
F,Fail,Pass,Bad,Pass,Unmarried,Free,High,Small,Um,10,Service,Service,Govt,Poor
M,Fail,Pass,Bad,Fail,Unmarried,Free,Medium,Average,Um,Um,Farmer,Housewife,Govt,Average
M,Pass,Pass,Bad,Fail,Unmarried,Free,Medium,Small,12,Um,Farmer,Housewife,Govt,Poor
M,Vg,Pass,Good,Fail,Unmarried,Free,Low,Small,Um,Um,Farmer,Housewife,Govt,Poor
M,Fail,Pass,Bad,Fail,Unmarried,Paid,Medium,Small,12,Um,Retired,Housewife,Govt,Poor
F,Pass,Fail,Bad,Fail,Unmarried,Free,Medium,Small,Um,Um,Business,Housewife,Private,Good
F,Fail,Fail,Bad,Fail,Unmarried,Free,Low,Small,Il,Il,Others,Housewife,Govt,Average
F,Pass,Pass,Bad,Pass,Unmarried,Free,Medium,Average,Degree,12,Business,Housewife,Govt,Average
M,Pass,Pass,Bad,Pass,Unmarried,Free,Low,Small,Degree,10,Farmer,Housewife,Govt,Poor
M,Pass,Best,Good,Vg,Unmarried,Paid,High,Small,Degree,Degree,Others,Housewife,Govt,Average
M,Fail,Vg,Bad,Fail,Unmarried,Free,Medium,Small,10,Um,Others,Housewife,Private,Average
M,Vg,Vg,Good,Vg,Unmarried,Paid,Am,Small,12,12,Service,Housewife,Govt,Average
F,Pass,Vg,Good,Pass,Unmarried,Free,Medium,Small,Il,Il,Farmer,Housewife,Govt,Good
M,Fail,Fail,Bad,Fail,Unmarried,Free,Medium,Average,Um,Um,Farmer,Housewife,Govt,Poor
M,Pass,Fail,Good,Pass,Unmarried,Free,Medium,Average,Il,10,Service,Housewife,Govt,Poor
M,Pass,Pass,Bad,Pass,Unmarried,Paid,Am,Average,12,Um,Business,Housewife,Govt,Average
M,Pass,Pass,Good,Pass,Unmarried,Free,Medium,Average,Il,Il,Service,Housewife,Govt,Poor
M,Fail,Pass,Bad,Fail,Unmarried,Free,Medium,Average,10,Um,Service,Housewife,Govt,Good
M,Fail,Pass,Bad,Fail,Unmarried,Free,Low,Small,Um,Il,Service,Housewife,Govt,Poor
M,Vg,Vg,Bad,Pass,Unmarried,Free,High,Small,10,Um,Farmer,Housewife,Govt,Average
F,Pass,Pass,Good,Pass,Unmarried,Free,Am,Large,Il,Il,Farmer,Housewife,Govt,Good
M,Fail,Fail,Bad,Fail,Unmarried,Free,Low,Average,Um,Um,Service,Housewife,Govt,Average
M,Fail,Pass,Bad,Fail,Unmarried,Free,Medium,Small,Um,Um,Business,Housewife,Govt,Average
